"NAME","ID","TYPE","MODULE_TS","COMMAND_TS","STATUS_TS"
"status","2","MODULE","14061015","",""
"debug","3","MODULE","14060805","",""
"mem","4","MODULE","14060805","","14040810"
"error","5","MODULE","14042611","",""
"module","1","MODULE","15011214","",""
"io_llg","8","MODULE","14052816","14051711","14061015"
"reg","9","MODULE","14051613","",""
"cmp_mgr","11","MODULE","14062510","","14062510"
"dev_mgr","12","MODULE","14051613","","14033111"
"aul","13","MODULE","15011214","","14061015"
"aul_hwdef","14","MODULE","14061315","","14040810"
"acgr","15","MODULE","14112610","14042314","14042814"
"i8255m0","16","COMPONENT","15011214","14062510","14060320"
"i8254","19","COMPONENT","14062709","14062709","14062709"
"indirect","21","COMPONENT","14062510","14062510","14062510"
"tracere","17","DEVICE","15011214","14062510","14062709"
"stx104","18","DEVICE","15011214","14062510","14052017"
